{
    "MASE": -0.7083501848766939,
    "RMSE": -0.02466144469276317,
    "MAPE": -0.27818751881078535,
    "SMAPE": -0.20293427566839387,
    "MAE": -0.017121446238422586,
    "RMSSE": -0.8137298607954572,
    "WAPE": -0.16374659062450905,
    "WQL": -0.13554660967413992,
    "SQL": -0.587953789944731
}