{
    "MASE": -1.0857076096849143,
    "RMSE": -0.028954373203476894,
    "MAPE": -0.8531494863897352,
    "SMAPE": -0.5509071540955639,
    "MAE": -0.0269298225238065,
    "RMSSE": -0.9571770728597132,
    "WAPE": -0.7125434118710836,
    "WQL": -0.6029415973802463,
    "SQL": -0.9187065230907608
}